@id,AverageShortestPathLength,BetweennessCentrality,ClosenessCentrality,ClusteringCoefficient,Degree,display name,Eccentricity,IsSingleNode,name,NeighborhoodConnectivity,NumberOfDirectedEdges,NumberOfUndirectedEdges,PartnerOfMultiEdgedNodePairs,query term,Radiality,selected,SelfLoops,shared name,Stress,stringdb::canonical name,stringdb::database identifier,stringdb::description,stringdb::enhancedLabel Passthrough,stringdb::full name,stringdb::imageurl,stringdb::namespace,stringdb::node type,stringdb::sequence,stringdb::species,stringdb::STRING style,stringdb::structures,TopologicalCoefficient
stringdb:7029.J9K3K8,2.7333333333333334,0,0.36585365853658536,1,2,J9K3K8_ACYPI,5,FALSE,7029.J9K3K8,5.5,0,2,0,7029.J9K3K8,0.7111111111111111,FALSE,0,7029.J9K3K8,0,J9K3K8,7029.J9K3K8,G_PROTEIN_RECEP_F1_2 domain-containing protein; Belongs to the G-protein coupled receptor 1 family. ,label: attribute="display name" labelsize=12 labelAlignment=left position=northeast outline=true outlineColor=white outlineTransparency=95 outlineWidth=10 background=false color=black dropShadow=false,,,stringdb,protein,MINETSAAAIELAAVAADGCQVTSENSAGSGSAAMLTVIAVIVITTALIVITVFGNILVIMSVVQYPPLRSVPNIFIVSLAVADLTVAIGVLPLNVVYNVTGVWLFGGVVCKLWLTCDVLCCTASILNLCAIALDRYRAITQPIAYAQKRTVSRVMWTVALVWIASAVISSPPLIGWNDWPDVFDEHTACALTTHPGYVVYSSMGSFYIPLVVMSITYLRIYVATRRRLRRRAKQVAASLPTAAAGSSCKRDDAATGSGKTKMAADAATGDSASSSDEVDAATNGTGSSGDKQRTGRGAPMAVRAVPSMGKHVNQLLEHKQRISLSKERKAAKTLGVIMGVFVVSWLPFFVIYLFFPFCKSCCPPSKVLVNVVTWLGYLNSTVNPIIYTRCNMDFRRSFKKILHMDEHHQHLQHHHR,Acyrthosiphon pisum,string:,,0.6875
stringdb:7029.J9K4G2,3.1333333333333333,0,0.3191489361702128,0,1,J9K4G2_ACYPI,5,FALSE,7029.J9K4G2,5,0,1,0,7029.J9K4G2,0.6444444444444445,FALSE,0,7029.J9K4G2,0,J9K4G2,7029.J9K4G2,Uncharacterized protein; Belongs to the ligand-gated ion channel (TC 1.A.9) family. ,label: attribute="display name" labelsize=12 labelAlignment=left position=northeast outline=true outlineColor=white outlineTransparency=95 outlineWidth=10 background=false color=black dropShadow=false,,,stringdb,protein,MASFKEWPSFLMVFLFAHFAQYCCTRIDDDGCNNHKGNSQHRCVPKVNYRHKEKEVLDQILGPGSYDARIRPSGVNGTDGPTIVHINLFVRSIMTISDNKMEYSVQLTFREQWMDERLKFNDYNGKMKYLTLTEANRVWMPDLFFSNEKEGHFHNIIMPNVYIRIFPNGLVLYSIRISLTLSCPMNLKLYPLDRQTCSLRMVSYGWTTDDLVFLWKEGDPVQVVKNLHLPRFLYRNQKSLSWCTRKHKTGEYSCLKVDLLFKREFSYYLIQIYIPCCMLVIVSWVSFWLDQSAVPARVSLGVTTLLTMATQTSGINASLPPVSYTKAIDVWTGVCLTFVFGALLEFALVNYASRSDTHRDDMSKKCDLERTVSMDVGDYEDGPNSFNM,Acyrthosiphon pisum,string:,,0
stringdb:7029.J9JLB3,2.2,0.19047619047619047,0.45454545454545453,0,2,J9JLB3_ACYPI,3,FALSE,7029.J9JLB3,5,0,2,0,7029.J9JLB3,0.7999999999999999,FALSE,0,7029.J9JLB3,62,J9JLB3,7029.J9JLB3,G_PROTEIN_RECEP_F1_2 domain-containing protein; Belongs to the G-protein coupled receptor 1 family. ,label: attribute="display name" labelsize=12 labelAlignment=left position=northeast outline=true outlineColor=white outlineTransparency=95 outlineWidth=10 background=false color=black dropShadow=false,,,stringdb,protein,MVDNDGESTATSWNATGTAATAQWNATGAAGGVSCHSEIEGVLGTAAFQTLVYLTYTIVFVVSLVGNGLVCHVVMFSAQMHSVTNLFIMNMAVGDLLMTLFCVPFSFVATLLLQYWPFGSDLCHTVSFAQAVAVLVSAYTLVAISVDRYIAIMWPLKPRASRHHAKCIIALVWTVAVITAFPILLVTTLEQPSYWHQECGFYICNEKWPSENVRHYYNVALLVLQYCIPFAVLLFTYVNIGVVVWGKRTPGEAQNSRDVRMAKSKRKMIKMMVTVVIAFTVCWLPYNILLILWDHEPSLSSWTSLPYVWFLFHWLAMSHTCYNPLIYCWMNTRYRAGFAAVLRNVPGFGRCLGGYLRAQQHQSHHYNSHNDPSQADGLHRINTTSSFVSVKSRLKSFNGRPAAYGRSRRNWHEETL,Acyrthosiphon pisum,string:,,0.5
stringdb:7029.J9LZL8,2.933333333333333,0,0.34090909090909094,1,2,J9LZL8_ACYPI,5,FALSE,7029.J9LZL8,4,0,2,0,7029.J9LZL8,0.6777777777777777,FALSE,0,7029.J9LZL8,0,J9LZL8,7029.J9LZL8,Uncharacterized protein,label: attribute="display name" labelsize=12 labelAlignment=left position=northeast outline=true outlineColor=white outlineTransparency=95 outlineWidth=10 background=false color=black dropShadow=false,,,stringdb,protein,MPHKINVGLVALAALAAAVLADPSVDRRASMGFMGMRGKKDRDQGGGGSGGDETSAAVDLDKRTMVFRRPMFDGGSRPAVFGGGSAEGFKRASMGFMGMRGKKDYYSNNKGSAAGFFGMRGKKVPSADAFYGVRGKKWPDHEDAVDADVQLSPIYILYRIIDELKSELSDRERNLVAAKFDEEREMR,Acyrthosiphon pisum,string:,,0.6666666666666666
stringdb:7029.J9K8L6,3.4,0,0.29411764705882354,0,1,J9K8L6_ACYPI,5,FALSE,7029.J9K8L6,5,0,1,0,7029.J9K8L6,0.6,FALSE,0,7029.J9K8L6,0,J9K8L6,7029.J9K8L6,"Dual specificity protein phosphatase; Dual specificity phosphatase able to dephosphorylate phosphotyrosine, phosphoserine and phosphothreonine residues, with a preference for phosphotyrosine as a substrate. ; Belongs to the protein-tyrosine phosphatase family. Non- receptor class dual specificity subfamily. ",label: attribute="display name" labelsize=12 labelAlignment=left position=northeast outline=true outlineColor=white outlineTransparency=95 outlineWidth=10 background=false color=black dropShadow=false,,,stringdb,protein,MEYLLAKFRKKDPIKEVTFEDLQAVLLRTQPPAKKKNISTCDYNEICPNIYVGDWNTAKNLNLLLSLGITHVVNAAQGIGFGMVDTNEQFYRPFNIQYMGLALCDDPNVAINEYFDSVSNFIDDALSQKGKVLVHCIMGISRSATITIAYLMIKKGLRAKEAVEKVKKARDIRPNNGFLKQLAQLDNDRIHINNI,Acyrthosiphon pisum,string:,,0
stringdb:7029.J9LZA2,2.2,0.19523809523809527,0.45454545454545453,0.2,5,J9LZA2_ACYPI,4,FALSE,7029.J9LZA2,3.2,0,5,0,7029.J9LZA2,0.7999999999999999,FALSE,0,7029.J9LZA2,68,J9LZA2,7029.J9LZA2,G_PROTEIN_RECEP_F1_2 domain-containing protein,label: attribute="display name" labelsize=12 labelAlignment=left position=northeast outline=true outlineColor=white outlineTransparency=95 outlineWidth=10 background=false color=black dropShadow=false,,,stringdb,protein,MANGSGGGGGGFEALQNVAPNVFPPIYIPAGPGSNDTNTTNYSEAIEREYVEDYVFQSAFSFVYLLIFTLGVFGNVLVVYVVWANKHMRTVTNIFIVNLAVSDIMLCGLAVPFTPLYTFTGE,Acyrthosiphon pisum,string:,,0.35
stringdb:7029.J9JJY9,2,0.3365079365079365,0.5,0.2,6,J9JJY9_ACYPI,4,FALSE,7029.J9JJY9,3,0,6,0,7029.J9JJY9,0.8333333333333334,FALSE,0,7029.J9JJY9,106,J9JJY9,7029.J9JJY9,Uncharacterized protein,label: attribute="display name" labelsize=12 labelAlignment=left position=northeast outline=true outlineColor=white outlineTransparency=95 outlineWidth=10 background=false color=black dropShadow=false,,https://version-12-0.string-db.org/images/Proteinpictures/pdb/2o/2o00_A.png,stringdb,protein,MGCFGSAAAKTDHDDAKKGKETNKKINQQLQKDKQVYRATHRLLLLGAGESGKSTIVKQMRILHVNGFSEEEKKQKIEDIKKNIRDAILTITGAMSTLTPPVQLEHPENQFRVDYMQDVASQHNFEYTTEFYEHTEILWKDRGVQSCFDRSNEYQLIDCAKYFLDQVHIIKQLNYTPSEQDILRCRVLTSGIFETRFQVEKVNFHMFDVGGQRDERRKWIQCFNDVTAIIFVTACSSYNMVLREDPTQNRLRESLDLFRSIWNNRWLRTISVILFLNKQDLLAEKIKAGKSRLEDYFAEFTRYQTPMDATPDPGEDPPVIRAKYFIRDEFLRISTASGEGKHYCYPHFTCAVDTENIRRVFNDCRDIIQRMHLRQYELL,Acyrthosiphon pisum,"string:data:image/png;base64,iVBORw0KGgoAAAANSUhEUgAAAPAAAADwCAIAAACxN37FAAAABGdBTUEAALGPC/xhBQAAACBjSFJNAAB6JgAAgIQAAPoAAACA6AAAdTAAAOpgAAA6mAAAF3CculE8AAAABnRSTlMAAAAAAABupgeRAAAdNUlEQVR42uzSyUoUYAAA4P9leoNAjZQKQhQrBXHNDRsqw0Zc0SzM1CSCJFLpouCpDQ8FJUglVkpuiKaBJoPlIKmHokPXTh26pHXRge97hi8AAAAAAAAAAAAAAAAAAAAAAAAAAAAAAAAAAAAAAAAAAAAAAAAAAAAAAAAAAAAAAAAAAHBgjQ9Ptdd0v3gwGiChvXo00RHtiRY1ZyTlPH8oNAnrzfBsd7S/KvdK1tHC7ta7nxY3AiSi108nuuruXMprOp1ceqvx/urCZoCEszgZG3+20F5370J+c3pSbndzz9rceoBE1N852FXbW3mmviVyu7O+b2UmHnazMvf543QswIGyMb9TW9RakV7VXNY+OjT2YWw1/NXW8veW8s6S41UFKZGyE5dr8q7GF74FOAjWZnYayjoL0irPZVbHJr6E3cTntgtTKwtTynsbBnobByMZtbnJFUXHzm8v/gywvxbexaKlbVnJxetzW2EP1pe+5qSUNBVfj09vhN/WZjfrSzuqs6+NDr0PsI9GnrzNSMk7lVoQ9qbp4o38tMjW/I/wp5WpzbZITySzLjYfD/9o5PHL6rPRk4fT+24OrC9tB/hvxdnlhw8dWZ78xd59BbWVpQkAPs/7srW7NTuztTszHR1oR2ywweRgQBKgnCMIRM7BZERGNjkLkMhICJBAIoMBE0xOQuQcDTZ2u9093b2zVV66q7p2vGNsaNs9Bu5Xt1R60MNV1X9PnXvO//9nDhxCrbCFCXNLDS4Ar7M8ukM0teX5ZoKjcMMFE3Xt4VoY9c90tNTgCB2mAyUAQCC/znU1jcufXQeH400KpRo6LQztgAOQ4DZc+6TssHJwOJ6MAJqBixsqRNm1CACYeviIZukF16Y7Ue4ACORXuHj22oVPDhXQ28qnVANHJ6Q/ONj06BJFz4Vl7Ds3vA3eZkW5hze29aEFgFcxLV2ttGlN4l4AgRwVBcnSvmC8OLoF3sYV54vVZm2MPgVvlODJD2Mkp0cWgzfanNkNdr57xy56S7kNXjXTu+RC8kcZ2Ez3r4PDWRhdbZP08GOK+NElOVHFbRW9itJWADmForx4JlfgbKQzeKOtkadkI3tHvNfbY6t7I4QV70UM2Rx/Ag7mzfQjm7LXx17/m8p8GVyb7EoPAm+zMb4d7hjjjgkIY/LC6Hc9kWEUbUeWgStJm43TYvhQgvJjilvKHwDIz5YHN1oKu+uzOtqL+5cGtsCJRDFjmlyx0PvKMCcut7WqQyKQgletjW8EMiMtrmJWVFvgELZGn9iauGYECBcGl8DrdFZ021k5Z0UKwMGoVhwrfera5B442K7yGU6PQtBlOiF96/kd8qz2+fZHNRltdTmdyT78tIA83S9M9M+ZWmnj3Gm+mbF58yMr4FSaHZ0WpBYkhaa44328iUGBlKhAeowHMTjON+2+rH9qeAmcMJF+cUyUg/5lC/gtIkKLALtBML5k7YzxF0ZXZgWXom8wMTdoKyOPwKExTVzDmUnOuIDX7cv8QNR14jokLwysgYMtjK+a3kB6sbjgAPt7kwQzGy92yNLEm25sbnSxpqzeBscx0YB5su/Mjpyujfqloa0g22g/KtfByhOtTc6IzOcFpcYGJCdH5LJRnkhtphchKoSTAE6k6cF1SX5Dcng+A+Fy60sLg7NW2p9amF0g2cG8F3vXwVHMP1z3JUcmBRR4MMLA39ge+SHYJhWn5bgx8g14m3DvWLQeKzusDPydlbE9xC2aGyN4dviwNyYvabqpZuhA9QKnRk1xK83CxdHK348S0yjoAX9ncWCX55nLuO12LzQLQN5M2TvjQglxIYbwvFKH5OPpAXyuXQLbzJdk4LQ6fNjBnmXlRjJwcMUEvro8so3QIvgyuY9mXoCjSInkWxuSF8dPRSosxZLDQrvTrFw3Z/4C3oiBcWQTXfraRgDkzab7VxICs7G6ZA+cnwfujh3czYsWujh8hHia7lu2QXjgdNi+1KgOycD96j4nmidcD+1jE7g6euS4nBlYNdPCZMUXgRNEUlY5NT4DXkWzsCMY2fqwueM9i+BtRoemXVm+0f6JK8pT8ai/q6me6ZoCuSS/uiSnHPwqcf5ZzqQwc02qqSbB8BqMbE2bH58Fv4oT1c+bzQUnxdjQ3G19FA3jEuGblhNXOdP7FABANnbF6zB86UGLg+vgcOaG1u1wHtBa52+qNKuxqqB1fmQNvIOk8Hycif1Pm50nwsTgfHRwCpvgiTGxc8KFepLjWBZBZhdpbqiQ9Yd74ChskW5c93hokD5m5CWdGENOY/lJywpcHFmN9rxni3AkG7E9caEB+MQUN1EFr6U+rwscznzvtgvJt6WyE0COkYrcRpKZa7N4EJxQqu5psjFT71MUWcvNDRnhaBUQ75mRF1fSIGoHb+NPC6/MqAWQY6Re1E5DeDSJBsCJJsqtQhtR1X5/48bn5oZqWIyOA/W2q+lVrB3BY35sBRygMEQiDCx9ojoh87FTITmcT0O4LY2ciqzr2ZHlkkxZlEca8pbNV7+7pfGZ0aU/a0oKZOAA7bn9hYHi+rw6ADkWJrqX7gbmRXqlgtNnolspzheX55eBNwqkxG70PgGQY6GlYsjHJq5J3A0gB0j0LrjH4QPIx29uYDMxuCghuGBuaB1ADlAW31ToU7fX/T8A8pHzYkX62cVuT38LIAcrjFII3OWdGRMA8jGrLeqN9shyZ0DViv/fZN8k0giTzM2c6VsDAJTE1qU5inoFSgD5aM2MLUZ6ZmVyRXNDiwDyN1R9C0yEg94ZmOEZVCAtYav3h7LwJh5NsNcJTTk+YgnhqQ7YgJbyE772fFTzA7uXfm9s/CUFc9mdeNGXcSmEdMY7Fl0QaJz+cvQlgHycloZX4FqYIPtYAPkb80M75/9ZR/MPVhyj6Di6KNuhlW97P4vaGGacn02tFdjV5tuLBZ6icl49gHxUGgQ9THOXdslDAPnFqnLv+iemqOts8y9pmPOOAVYZAZZ5IfCiWISIayoMM8nmWqT76kW46Ae6IoMB5KMi4EqR12lT3QsA8rOlsR0nfICVBgOtzjb9E4HwlT31kjv5qwD6+UibzyIdv4wj/4d3gFZCqUPjougpgPwDSfLrFRUPUmKF9yL40qLWptK+zaEXPjiuP+XkJEC/O3u8N1KbZXwGq/N7mO7vYIg/42//Gw7xr/aIf3Kz+09eDrylyWVqLeOvL8Qvf1S83BD/OJAHjQW/rbrCZn5M0R27aJwJG3PbxlyPcOsqTOvCbYQWiWbibKGGLYgWAcjPGsQdZ/9d89LvdG/+wQL2ORn5BQP5Cd1JPSjDWtrkPN/l/njQ99sh/69V4d8NBeyNc79eSPpxMGa9L/XElYV/nBSFnTFuqbYWHhRDe2eMd7x/iqy4oUIoHe+fKcoSNZS2u2D9DD9D+NMiHs0/AxAALA2w5353VetPZjA1KvIch3Ut2Ekj1v9GRpPjTD1tvtP++UOXH/rcvm132O3z/rbL5WmH7Xa/216by1pnNLTi+SEtjz2L9c2965dPMHRICymcfrAKDpATVoTWpmKM6WtTu+DUmxqc11IzNDxvaXmRQbnmZXM51O1aUvCNwjrGXCd75z7r6w72dw84L9o5z5psd1uYO/dpu/WY1TbGjsxW1Rg/CiAfwsb4cw7ej4l0jbmTOtW3Ct6otrgZoUXAaduG2yWvDUN5ZKC6WKF1xsRanc7Q9HC9EemrnhZ8WSinLXTaPWkgbzXTdttsHjcwNxtttutZ6wriYgN5WY5briJMidkjrbHTAPJ+7Ux+54QNjPdLnx/eAIfjRPZBXmPgNOwDGDEAAsDG1DMvcijhmq2TVqDrpdhoPZGUMVdH22xl7TVRd5qZW3LqUjVpTkZZkJFnK1BKKWamGjsjIipLWH3FvtDK9PucaWzSYfaJQTlzg2vg0CSCWvhVvOVVsvUNytroqUjtP4zNsedxDllcQk4ara6UNVFBXq4lP1WQn9UQ5mups7X0OTFBKcGrylBjRYj+UtRwAXqohDUocKp7PvZXAHkvQpyjrXUJS6Mb4IiIJgzD8xaIm1iEDn5uGDqo7v8MKta4dEEyubaIPiwmLVWTN6oIU1KyshQ1UI4fLUIOFaOG8xHdObDODFhnFrqtkNNaw4MKad8HRUm7A8YrMSwd/Cqxvnc1z+ppfWWkf80izC92bvKUNm58rfacgSjrND6xuQj3sJI0KsYOlqJ7C5G9ubAH6aateZb7n43ZVm2p8Lo8cstA7unqD/ih+HOiQh15412T4NdSDcxhLcjq53WuntMK8oV2W17xo/KHQreaVEx1KlxegOniW7VkI5r4lu0pJvX7V7xBZbyRKNqw5B5MMiLcBJB3VF/dgjKktop7wDsr4IvKC6tG+qAc9tdIdagIMs2PtpAkWtbcNZdGG1VG6VdE6okj9UtCdDJDjDJjEAWdWVMA8o4Jzd4OAZ62gQDy4VXf63M2jPc0SPE3zAo2FPpo5gTcErheSeJcibS55OduGDEph2Zr70Za2Ig0oijETQDym9id/AGv6WCjHeCiFWN/JcbmqxiGWgTij84ORmE85wwAeUd8XrneJfhYnwpAfisNud3I8za0r3zwn3oTPr9DOBsUiM51QkTU5jYAyDtKCynkx5YDyNHNtG7KYwbz7VrL2T1V7OFah+ly5kCD79S25OVi+Yu/DrycKJsHB/DQ51I/c3e5EsO1KIknVHrDU9xQ0Jv0+5AZXuJBDQOQo+sXLhXZPCgjjMjJC03E9Ub8drf9Nw+c9zrcN4e5T8fv7q0Vfrdb/ZdWXj/4xVbnd8qybZl/d7yFsNymrZDekkasD4bn46+4bg9/AyDvLjmID79JnIU2RI7uIX9ZSO2qpk8rKPN1xMVm2k4DdbOetd7iuL1/DQR8MxX5/Xr6y6fFL7+vffmN4uVk9tcDcd+2+O5U0VW1NqpSfFemlSJEv8BeM8IHBw3P74k0v8FSl9xYAXU8OrLB/M0iWp+EpJJilY2U5TrSWj19S8FYbXHYbWDtttns9Tp8/cBue9TnRa/nbo/voy7vJzWM7XrGkwrklBg5IoC3J9yuDDLNp1z3Xj8pTbX/8aYHFvSvwj2ZEQByRL1ZyxLbURl5VoGbrsfP1xPXmug7NdSlOsZGE+tJI2W31/Z5F2u3g7nVzt5utXskp6420h5Vo+el6Mkyq95Uk5pwE4G9LjcjXAIg7xEvNBOpZ78yDs3hjqYlTlVGHazEqOrwM/W4OTluUU5cbWBuysirrbbPW+lfNxI2H7CetDG2H9jvKUgb+9FcR1ivwc6KrQcEiOZE84qg2+mBpEQAeb/mxnbg2mxXSiSAHM7u8I/JtqIEZJWINCIjzMpQynrcTANxTk5YUJDW5NRtOXm3jrrbRN9upK/VM9b2x+xa8tp+uNdiF6RYVRmqNwMmjTDJcTEIe1AGpfZ/ACyUHwvh/WgcKkV+u83RF/EO+cHIpGCjzGJSnwSvqiXMSDETCqJKRlBJCcsy0paUuF5L3ayjr/90MTZqKGstzB05YaUaPV1qPZQDb0pAiPxN73GpyQDygXqj4I1teb7pAPI23nbxLoSIZ+MvAABC9oNsVL+IML0f1iLc/pfhStJiNXl9P4Jl5GUZcUWG279W5fh1GWZFYj0jspooQvVnoptCzfhsncCt4e8A5AOJ9kvwY0V0Svvf04HQPJQlfWxkHpws9VUdNFRAu3QS/CyDpSikjxfgJouxyjJSv4g8sB/cYvxcFXFaSpqpJS7VkdYUhPX9zyrMbC1lsRgzlG7ZEGle5GHKu18EpXB9SFN903ZIz+SQXPDOFjt3E7xysca2Ir4cnCx+DhFR3kLwi8HMjUx8bxq8X4Aey0O2FaA7ClFDJegxCX64Gj8ixUzIcFM1lBkhvEdEGOUj21ORilhkiZfZPWhf8LeQFi7wsY1UDcyAI1pb2FW1LK0078zX7sqiumD/xfaxSAyjZoKTZWFk01KPls2rBr/ozFHF4atirWVRcHE0Ip9nLeTBRPdglWnIqiy0NMdKLsA087ENmRhFGqYm3rokBJZhpxvUK4bqYX8TtUVtHPydLJ4AHNFA/WywdXImtYZPbhbSe7PxD/JoPfWhs8OZu0Mp64/qfgAnglTYitClJ8QJwC92pp+DVz2d/HGyaeNhxUwzf6gmsbchaZDvVpXjWtGQ2CeOahyQTO+pfgSQ34bq4QpchxLiyjtyQFfN3kOX52M7irBDpbiJCtJcOVFVwVSWUgaqWeMiTk+GSxk4/riuySYaeHFZDYAcF8lcAQ3hsTL6DByFIvl+kmW5GD9Uaj1UQ5iXoFS1xAUFfVGCm5CTF2rtVDlOssfjx/7ACgbcw+gqamYCKio5PqYH12E3mRmRYnAUrWmD2UhFBXpYQVoQW040UzcU+CUFcbmD/biZvt3itiYK7ALHn+55K1cyVNpz3DgRQ7FGTtP9a+DQvG6nZFm2VhNmxdbKOspqDW5JTlhpIG610Hd7Xb7p5z57kHPs27dVCeTWWox0biGAHC+VuW0oHdv0KOHhDnTb9sQmhlmX5mN6S5HjYuyUlLygIC810Tba6E/aWLvK0O+fVb8crjz26akR3jycvm2rGOrufgy5kPwtdYmryl3wRpP9s7ZID8RFR3/TvGyrtjLsWAV5upo+X02eqqMu1P+Uo7O6mPTtdvWLhZ41cMzxeaVkU/Zc37H/I6fR8vC6+U20OyNwZWwPvM5E71yYd+yVzzV0z5kVh7Vy4UIhvrMEMyiwHirFK/cDWkGZb6VvPXDY2M77XlU0B44/sxvYaM8EADmmUPokuDbZixmzPvHtq0t7Sw3iLoK5nfoXelRr25nulZHyhWDjZAGqoQzTX4xViojzlYQZBXGxibjVZf9o+u7WkuTYHy8rETR624bnxhYDyPEV5BoLu0XFmtp7sUPykoqTIzM82HcsdHHaF80ufqId6hUHflbOrY1CZGQjZLnmrSW4yRLsdDl6Uk5YUmBWO+03p5IfbTQ+BgdbnFh3ongEcMIGG6fAhzQ1shgVEM8LS+Iw3G5c1jG4aebtcCclJnNVtQreRlp0353J7ajuBZBjbWp4KSEqi0NxN7tlba6DNLxpweOm1ogbR/tV4BelUXI/o4Rk88p8yw4+rKcUo5TgZypxM/sxXW83Lw/sn2pYPbgd9R5Sg46+QGNf9+hImJFFDIIPYHpoEX+bqXXGSOe86U01wytfaqir3bj8hbor0wtrRGXedg62iV5TboGD8cKEtsTAhdFj/2oLebu8MEmAWXKcaVmmeSMf1pWH6C+wGilFjkvxU9U2I+W+reAA2yOPA6mJRHV30jlH+hn3aq+hkbS9HGfFTvd/g/dnbnKFYMHUUTOhwewr+Yr5kTXwN+SFLRy4N8vULc47df3gcwhiAgVEhBeAnAaZwYWOOiGh+tlxhpJ0WFuGRVeeVV8JdrQUNVDjODxWtAZeZ2/qRaxNJu1aCF09jHLJnfSVM/JPnARiWVfCvCywRxbSDt4TEop56TPNSmENOFhVjgKry0kJLl6f3AavkxhSjtR3BJDToKWkk6rhEmicHmlYHGssizduSDFvy7RoKyP2lTBaW5MGwN/ZUL7IdC9zuhHBuhDDVr/LuhZEu+pBuuhi/Scm47yP46VQztkgoZMMvLMKYZXGOS1ZaR14m7WRF0htFtc1bmv6NeN0hGcu3sStUigDkBNvZXzL/DyGrRHgp5cRalQSZVqdCGtIQTRkWzcWshoVsR3gVcqKpyEWefeQomiTIh/NHPa5OI56FOuyH+OSO/YLG8wnNhb/Qva8Fl9k2zqRtwveTZBL2I3z2pLCCnAIy4NbHGv3KPfE5fFH4FVlmS1mGpSOGqjZw+lgZ+mKVLO11wx310710c0N0i+OMCzNRtelYyvqYnvAL3YHfsxyksaYVwmwD0sJPTnwxlz0/TRkQ5RJSYB+upt2FPGsI/aMPfKPNnf00mLhpX2Jm4OFK+AdRHnF6V8ymByYAIejKGiysXSJ9EgEr5ru29G9YJUaftIyvCEH5TnUIS5TkGp2jOvBjjd53jpZIQbCGOOSTJxUEd4HAHg68vKeozASy09EVxZi+8SYiXLLvirsUJFldy6iPcFUnmhZ562dTVELJl/wIap5+Rkn09T80Z87RrLSBjvGwK8V75uode4WOAqaFcvWyp8fXQ1epfafN+0w0DT61GDCnW6fJyAvcmjq/g4aUV43k0J0+HEWJQJOYxyp0MuUFwTPyqY08jFtJdjhCqyyGjMpxSor0MOFlr25Vg8SLepdr2Zw1HlOt+LpGkEOhhEmn1JYhl5L/bvgHUR6xutfNN6cfgQObaJP6UoKpZt5bitfyaG9/JnOT88G5JSQCGq1vzQxOmONvWxHueDhcDXCUyMp6FaOj1ZG6G1hFKI0GVlTgOkRIh8WEgbKKONV1IVq0tx+ZJehBgoxXRG3ih0v3PUzyAyAZZOu+xNuua0MPQfvTJJXY3QFlhySA45ibnjZ7DoyjBO/OvQY/EzVv6p9ycSWYAcgpwfWjHTrrLHen80xamz6BW/Olag7ujmemunhJiXRJhVZ1m0FiL5KvEpMHSun/lTVImduiVCTlcSJbEST16WU/UH9jkmmLywVfdUp5/0dIc4heGINbDfGnx+xr8OymToKrUtPCcuqK2txY/nCDVBVZdUAcqpIC2tvfqpr9KmV5RdM7BdutLNBIWZCZ/WUu7DaNFhb3u2eKrSqBq9SUOZrSKsK6racsi4mqGIMq71vZvoapicwRPgLbsSbnK7abvCeTPYtmVxFBdvzNieegqNYGF11wLvBNXFIHaI7y0tWJgWQU2hpeJlpxtH9LwvLL1nUq342mlwHzbuBeoIkWF0urKvCeqwWo2oiLdWTV+upa/Ws9RLSqJ9unqMuz9GI+8PEy06+0tHUs1Pa8l6rtbdNrlqHOMSCo5vrW5Hm1aoeTgLIaXbXJ0X9D/oGn2Ow15zI13w4mtEhRoJUeF0BoqcaM9VIXOpzfTIS8E2X90Y6VuFiHufHuvd45i8AAKG/2PW29+bAPHivlsY379hFUs3sM6MEAAL5dWctR3onXvvEwPwi0ckkzMOAF2VelIdrk1BHm13mlvnfP5a8LHFubk4e2xz/C/hFQaDYCx74Ye5n25MWwDC3C7QPmxs69iVhkH+M2fGlmuLmnLAyqqZ7LFaYQZcGmqb15s2PN8xV8mXg7/j8b3v31tJ0HMdx/PcogiC6yEQqTSwPZcpfjUmmjjmZOg9zTmwsc8tDHpaKG0ydG0RDzcyyCROnkmFSIN4ERoLHFMksTcpM8KIuui/oNiwj/ubg/XoQ35svfN5qh989IWSjTdDlSvq6EoaL8M/GPJNjnhfit6pyWruaHgs5ZcXnZUp5ZYXVApBby4179aUd75e/CjkVqUtS4pRvF6hcQmbLU5t6dbXzZo+Qk6/LL5256KhtE4DcrmhrdKryjcUdIYNh76j/wUjyhbTTQZFPhyYEILfhvvHc1KsdLV7xN9YWPkwMTPe3j183OBKiMmPD01XJRSlSTkyYIiJECg06FxoUferY2ZAjYUcPBR8/fCIlUTk/yUIz9sW1AmuD2SX27PPKd5u5x5BaV13U1t7sv+Me7HT5bzkeumzdLttdp73dafc0WVt9vUO++wODvuGlGR4l2EdNVe6MRN3k6IzYA4veZrf0OCp6NxcoPOBAWny5oohSWfKt4k/MeXWeRm+Nkc4iDjan9XZGvH7z1RexO4PSZFRXVhTUC+CAeze7cSkyu9PuE7sY6X6eJZkqdQ0CCAi69DKVVLw+ty1+8XHxW3qssbywZW1+WwABYXVuq1hTezlO7270rs58Ej+tT+88886nnTfWmNyvZ7cEEECWpra0SnNSTLYiWpMYoSzPb1CEazQJpZbC5jfcZgSoR/1PtKmG2JOKqOAkk7ZypG9MAAAAAAAAAAAAAAAAAAAAAAAAAAAAAAAAAAAAAAAAAAAAAAAAAAAAAAAAAAAAAAAAAAAAAAAAAAAAAAAAAAAAAAAAAAAAAMB/8QOZVZ/Y7IK0jwAAAABJRU5ErkJggg==",2o00,0.2962962962962963
stringdb:7029.X1XTW2,2.466666666666667,0.2904761904761905,0.4054054054054054,0.1,5,X1XTW2_ACYPI,4,FALSE,7029.X1XTW2,1.8,0,5,0,7029.X1XTW2,0.7555555555555555,FALSE,0,7029.X1XTW2,86,X1XTW2,7029.X1XTW2,Uncharacterized protein,label: attribute="display name" labelsize=12 labelAlignment=left position=northeast outline=true outlineColor=white outlineTransparency=95 outlineWidth=10 background=false color=black dropShadow=false,,,stringdb,protein,MKSIAAVVCTLLLVSTLISAAPSYMDYENAKDLYELLLQRDLIDSMGNSLIDPNQHRMVRKNQRSPSLRLRFGRRSDPALYQNALNAEYHNDSDVN,Acyrthosiphon pisum,string:,,0.3
stringdb:7029.J9JKN7,2.533333333333333,0.01746031746031746,0.39473684210526316,0,2,J9JKN7_ACYPI,4,FALSE,7029.J9JKN7,4.5,0,2,0,7029.J9JKN7,0.7444444444444445,FALSE,0,7029.J9JKN7,12,J9JKN7,7029.J9JKN7,G_PROTEIN_RECEP_F1_2 domain-containing protein; Belongs to the G-protein coupled receptor 1 family. ,label: attribute="display name" labelsize=12 labelAlignment=left position=northeast outline=true outlineColor=white outlineTransparency=95 outlineWidth=10 background=false color=black dropShadow=false,,,stringdb,protein,MSLQNNLYDDGGGGKSGQLNLTAENAWDNDFIMPKRDPLYIVVPMTIMYSVIFVTGVIGNSITCMVIAKHKYMHTATNYYLFSLAVSDLILLVSGLPQEMWSIWSRYPYVFGEIFCQLRGLFSEMSANATVLTITAFTAERYVAICHPFMAQSMSKLSRAVKLIIIIWLVSMLFAIPQALQFTVSSWNGSSELMQCNIRSIPLMDTDIELSTVSFTLSTLLFFLLPMTVITVLYALIGLRLRRSDKLKRTITVRSTHGEKKMSSPEYRANSSPKVLKMLVAVVVAFFICWAPFHAQRLIAIFGSSHASSGNLDAEDIPFLHQLYGISTYISGVLYYVSTTINPILYHIMSLKFRGAFKETVLRCCGGDSGCSSNDGWPGSGQRRPSRWARRRLRSDSSEPATDDRRPKYRRVSGRATSSVELPADDDDGDGDEVVCSGSGHHVPGAGLADCWRRALTGSAEGGNAKRHNGSSCNSTGSGGGVNGGRGDDDESSTTSAPLGRAGARGPRLVKVPPAIALSNWTVISNSSLKDVDGDDLRDELVGYAADASVAIAGGQNGVAGEYY,Acyrthosiphon pisum,string:,,0.7
stringdb:7029.J9K7T1,2.933333333333333,0,0.34090909090909094,0,1,J9K7T1_ACYPI,5,FALSE,7029.J9K7T1,6,0,1,0,7029.J9K7T1,0.6777777777777777,FALSE,0,7029.J9K7T1,0,J9K7T1,7029.J9K7T1,G_PROTEIN_RECEP_F1_2 domain-containing protein,label: attribute="display name" labelsize=12 labelAlignment=left position=northeast outline=true outlineColor=white outlineTransparency=95 outlineWidth=10 background=false color=black dropShadow=false,,,stringdb,protein,MGSGHDDGAGKVWLAQVICRLVYSVYQDNGNYYNNGSASTVATTTAAAAAAAATTTAATAAAIAVAGTEMVMTATTNGNKLLVTEARVDRLDCGGTWTLDCRRAAGALACTDSLSKATNADVRLYLPARLSAHFDGQPAVSVGLPETVRGNAVTVVRCDGDGGGGHDHDDVNQVTCSIHGEQRPHATVATDDDDDPRRSYNWKYLFVFVFIASGGVGNILVCLAICLDRQLQNVTNYFLLSLAIADLLVCLFVMPLGAIPGFYGEWPLGVAWCNVYVTCDVLACSSSIMHMCCISLGRYLGIRHPLRTRHHYSTMKLVCFKIAIVWFLSFLVSFSVTLLGLSNAKNIMPDPGVCVINNRAFFVFGSLVAFYIPMIIMVVTYALTVQLLRKKARFLLDDSFVDGRRNGSSAEPHLFRRLGGRFSANKNQNNVTGRLQPGKNNNKQCDQQTQIPDAVSAGASDSRNFRLKTLRLQLNMNPSTLNLRFLANRQKRQSLAAANAVRTEQKASKVLGVVFFTFVLCWSPFFLLNIVFAVCPKESCPVPDHVTEVCLWLGYVSSTINPIIYTIFNKTFRAAFIRLLKCRCHKTRPHRYRSVTDNRHSALISTPSGAAAGAATVPLSLSLQSTPLTTSPPVNDTATTTFAATAVAAMAAAAASKKTTSTPEYLDSFLVQECPEDTAKY,Acyrthosiphon pisum,string:,,0
stringdb:7029.J9K6V2,1.9333333333333333,0.2666666666666667,0.5172413793103449,0.16666666666666666,4,J9K6V2_ACYPI,3,FALSE,7029.J9K6V2,4,0,4,0,7029.J9K6V2,0.8444444444444444,FALSE,0,7029.J9K6V2,94,J9K6V2,7029.J9K6V2,G_PROTEIN_RECEP_F1_2 domain-containing protein; Belongs to the G-protein coupled receptor 1 family. ,label: attribute="display name" labelsize=12 labelAlignment=left position=northeast outline=true outlineColor=white outlineTransparency=95 outlineWidth=10 background=false color=black dropShadow=false,,,stringdb,protein,MTTRSRANKLITAATKQCNNDVELIKNIHYCLLSVDSVQVERIVSLAVPILFGIIVVVGLLGNLLVVIVVMANQQMRSTTNLLIINLALADLLFIVFCVPFTAVDYMLPYWPFGDVWCKMVQYLIVVTAYASVYTLVLMSLDRFLAVVHPIASIYVRTERNASSAILVTWVLIVLLALPVLARHGEVTYTFSSAEHTACIFLESDQKTRPDGYNKPAYQIFFFLTSYAIPLAIICILYVLMLMRLWKGVNPGGQPPSAESRRGKKRVTRMVVVVVAIFAFCWFPIQVILVLKSINYYEITAISVIVQIVSHCLAYTNSCLNPILYAFLSENFRKAFRKVIIPWRPEVNVQGRFANGDARSMAVTRTTRTTNNDIL,Acyrthosiphon pisum,string:,,0.35
stringdb:7029.J9KNV9,2.8,0,0.35714285714285715,0,1,J9KNV9_ACYPI,4,FALSE,7029.J9KNV9,5,0,1,0,7029.J9KNV9,0.7000000000000001,FALSE,0,7029.J9KNV9,0,J9KNV9,7029.J9KNV9,Uncharacterized protein,label: attribute="display name" labelsize=12 labelAlignment=left position=northeast outline=true outlineColor=white outlineTransparency=95 outlineWidth=10 background=false color=black dropShadow=false,,,stringdb,protein,MATQMGFLSYGIILTLTVLTVLLPLLTTGNVIDQRVLQRELGENSPEIMSMSDKDVFRDIEEPAIDDFTIKTKSEDQNLEIALIDYLFAKQMMNRIRARTDSFRAQKKRSYWKQCAFNAVSCFG,Acyrthosiphon pisum,string:,,0
stringdb:7029.J9KKA1,2.2666666666666666,0.1904761904761905,0.4411764705882353,0.3333333333333333,3,J9KKA1_ACYPI,4,FALSE,7029.J9KKA1,3.6666666666666665,0,3,0,7029.J9KKA1,0.7888888888888889,FALSE,0,7029.J9KKA1,64,J9KKA1,7029.J9KKA1,Uncharacterized protein,label: attribute="display name" labelsize=12 labelAlignment=left position=northeast outline=true outlineColor=white outlineTransparency=95 outlineWidth=10 background=false color=black dropShadow=false,,,stringdb,protein,MHHSCCMWILVIATAVWTDAITGHEDKVGIKSQQAQQQQQSDIMQTMVDGGGHQSIQMTSPAESYFNDPLGPLGYLAKRAHKQYGFGLGKRLYRQYEFGLGKRSASKQYGFGLGKRAALKQYEFGLGKRASPTFYSFGLGRRASPQYSFGLGKRVSHPSFLNVDDRESDYTYNDLSEEKKRTADDMGHGQRFAFGLGKRGAGAEWDDGDGDGDDAAPIWHPAVRRARLQYGFGLGKRADRDYDATTGTEYTDTLQLADDAADINN,Acyrthosiphon pisum,string:,,0.4166666666666667
stringdb:7029.J9KKD5,2.933333333333333,0,0.34090909090909094,0,1,J9KKD5_ACYPI,5,FALSE,7029.J9KKD5,6,0,1,0,7029.J9KKD5,0.6777777777777777,FALSE,0,7029.J9KKD5,0,J9KKD5,7029.J9KKD5,G_PROTEIN_RECEP_F1_2 domain-containing protein,label: attribute="display name" labelsize=12 labelAlignment=left position=northeast outline=true outlineColor=white outlineTransparency=95 outlineWidth=10 background=false color=black dropShadow=false,,,stringdb,protein,MGLLIGFLPLMGWRAAKGPTLDACEFSRVMDYNYLVFLYLATIILPALFMATSYAHIYTVVIKQIKQMTLLNGGQRGGNSPTKLRVLGAARKSEVKATQNLSIIVAFFAVCWMPLYTINCVQAFCDECPVPTSFMHGCIVLSHLNSAGNPLLYAYHLKDFRNAFKSLLLCKKSPVHRNPAPSRSGCCTTVAAVTGGGSGTAVNGNDCSGSSSLTCSGSSSLSTVVDCWRRPAKNARPAADAASSAAGDPRSTVKQQAHHEIVAWPADSVNRVGGSCNAIAIIDPSAPVLLSVRQLAE,Acyrthosiphon pisum,string:,,0
stringdb:7029.J9JNJ5,3.4,0,0.29411764705882354,0,1,J9JNJ5_ACYPI,5,FALSE,7029.J9JNJ5,5,0,1,0,7029.J9JNJ5,0.6,FALSE,0,7029.J9JNJ5,0,J9JNJ5,7029.J9JNJ5,Uncharacterized protein,label: attribute="display name" labelsize=12 labelAlignment=left position=northeast outline=true outlineColor=white outlineTransparency=95 outlineWidth=10 background=false color=black dropShadow=false,,,stringdb,protein,MSKIFKDQFSIMKPVFSVFLVFLFSIFYCKSEITEKENTDNNPYEFHIGGVLSSNASEGYFKQTIEHLNFNTPFMKPGNTFYAHSIKMDPNPIKTALNVCKQLIVRRVYAVIVSHPQIGDLSPAAVSYTSGFYHIPVIGISSRDSAFSDKNIHVSFLRTVPPYSHQAEVWVELLKYFNYLKVIFIHSSDTDGRAFVGRFQTTSQNQGDDIEKKVQVEAVIEFEPGLFHFNNQLNEMKNAQARVYLMYASKIDAEVIFRDAAHRNMTEAGYVWIVTEQALDANNVPEGTIGLKLVNASNELAHIYDSIYILASAITDMNRTKTITPPPADCDNSGAIWDTGKTLFEYIKKQVYKDGHTGKVAFDNNGDRIYAEYDIVNVKEVANKDAIGKYYFNNDLNKMKLRLNESNIIWPGRLKKKPEGFMIPTHLKVLTIEEKPFVYVRPLKKDDGNSCKSDEIMCPLYNTSSKVLEPIVYCCKGYCIDLLVELSETINFTYSLSLSPDGQFGNYEIRNNSASGKKEWNGLIGEIVYERADMILAPLTINPERAEFIEFSKPFKYQGITILEKKPSRSSTLVSFLQPFSHTLWVLVMGSVHVVALVLYILDRFSPFARFKLINADGTEEDALNLSSATWFAWGVLLNSGIGEGTPRSFSARVLGMVWAGFAMIIVASYTANLAAFLVLERPKTKLSGINDARLRSTMENLTCATVKGSAVDMYFRRQVELSNMYRTMEANNYETAEEAIRDVKNDKLMAFIWDSSRLEFEAAQDCQLVTAGELFGRSGYGVGLQKGSPWSESVTLSILDFHESGFMESLDDKWIFQGRVEQCEDQEKTPNTLGLKNMAGVFILVAVGIVVGMVLIVIEIGYKKHHVRKQNRLQLARNYGQTWRAIVQKRKMMRMQGRTSGVGALSLSVEALPRSVLNIQSPIRSIETLPRTCRNSPSPTRAWSGRQMVHRKSDDIPLRSPIGGPPQLHFHNNLM,Acyrthosiphon pisum,string:,,0
stringdb:7029.J9JQH0,1.8666666666666667,0.35079365079365077,0.5357142857142857,0.2,5,J9JQH0_ACYPI,3,FALSE,7029.J9JQH0,3.6,0,5,0,7029.J9JQH0,0.8555555555555555,FALSE,0,7029.J9JQH0,112,J9JQH0,7029.J9JQH0,G_PROTEIN_RECEP_F1_2 domain-containing protein; Belongs to the G-protein coupled receptor 1 family. ,label: attribute="display name" labelsize=12 labelAlignment=left position=northeast outline=true outlineColor=white outlineTransparency=95 outlineWidth=10 background=false color=black dropShadow=false,,,stringdb,protein,MEYPSVMQLAAGWPSMEPPTGAYNGTDMGPYNNGTGDRDALYCDDTSGHESSLYLISKILYVIVCVIGLVGNTLVIYVVIRFSKMQTVTNMYIVNLAIADECFLIGIPFLIVTMSMEFWPFGNVMCKVYMTTTSVNQFTSSIFLMIMSADRYIAICHPISSSKVRTAYVSKIVSVTAWTFSIILMIPVIMYANTMDKGNVKSCNIIWPENDLFSGQTAFTLYSFVLGFAIPLMLIFVFYILVIRKLQTVGPVNKSKEKKKSHRKVTKLVLTVITVYVLCWLPYWITQVALIFTPPKQCQSKIVITIFLLAGCLSYSNSAMNPILYAFLSDNFKKSFLKACTCAAGKDVNAGLHQENSTFPRRNRGGSERGGGRTGRATTILCQAVSGGGGGGGGGAGGCCKDDDGGCCGETGPLVGRAELVSKENTSTALTMTSRSTCNDNNVQPAQL,Acyrthosiphon pisum,string:,,0.32
